drop database if exists rrhh;
create database if not exists rrhh;
use rrhh;
CREATE TABLE region (
    region_id INT AUTO_INCREMENT PRIMARY KEY,
    region_name VARCHAR(25) NOT NULL
);

CREATE TABLE country (
    country_id CHAR(2) NOT NULL,
    country_name VARCHAR(60),
    region_id INT,
    PRIMARY KEY (country_id),
    INDEX (region_id),
    FOREIGN KEY (region_id) REFERENCES region(region_id)
);

CREATE TABLE location (
    location_id INT AUTO_INCREMENT PRIMARY KEY,
    street_address VARCHAR(40),
    postal_code VARCHAR(12),
    city VARCHAR(30) NOT NULL,
    state_province VARCHAR(25),
    country_id CHAR(2),
    FOREIGN KEY (country_id) REFERENCES country(country_id)
);

CREATE TABLE department (
    department_id INT AUTO_INCREMENT PRIMARY KEY,
    department_name VARCHAR(30) NOT NULL,
    manager_id INT,
    location_id INT,
    FOREIGN KEY (location_id) REFERENCES location(location_id)
);

CREATE TABLE job (
    job_id VARCHAR(10) PRIMARY KEY,
    job_title VARCHAR(35) NOT NULL,
    min_salary DECIMAL(10, 2),
    max_salary DECIMAL(10, 2)
);

CREATE TABLE employee (
    employee_id INT AUTO_INCREMENT PRIMARY KEY,
    first_name VARCHAR(20),
    last_name VARCHAR(25) NOT NULL,
    email VARCHAR(25) NOT NULL,
    phone_number VARCHAR(20),
    hire_date DATE NOT NULL,
    job_id VARCHAR(10) NOT NULL,
    salary DECIMAL(10, 2),
    commission_pct DECIMAL(5, 2),
    manager_id INT,
    department_id INT,
    FOREIGN KEY (job_id) REFERENCES job(job_id),
    FOREIGN KEY (manager_id) REFERENCES employee(employee_id),
    FOREIGN KEY (department_id) REFERENCES department(department_id)
);

CREATE TABLE job_history (
    employee_id INT,
    start_date DATE,
    end_date DATE,
    job_id VARCHAR(10),
    department_id INT,
    PRIMARY KEY (employee_id, start_date),
    FOREIGN KEY (employee_id) REFERENCES employee(employee_id),
    FOREIGN KEY (job_id) REFERENCES job(job_id),
    FOREIGN KEY (department_id) REFERENCES department(department_id)
);




INSERT INTO region VALUES
      ( 10
      , 'Europe'
      );

  INSERT INTO region VALUES
      ( 20
      , 'America'
      );

  INSERT INTO region VALUES
      ( 30
      , 'Asia'
      );

  INSERT INTO region VALUES
      ( 40
      , 'Oceania'
      );

  INSERT INTO region VALUES
      ( 50
      , 'Africa'
      );
      

     
     
     
     
      INSERT INTO country VALUES
      ( 'IT'
      , 'Italy'
      , 10
      );

  INSERT INTO country VALUES
      ( 'JP'
      , 'Japan'
      , 30
      );

  INSERT INTO country VALUES
      ( 'US'
      , 'United States of America'
      , 20
      );

  INSERT INTO country VALUES
      ( 'CA'
      , 'Canada'
      , 20
      );

  INSERT INTO country VALUES
      ( 'CN'
      , 'China'
      , 30
      );

  INSERT INTO country VALUES
      ( 'IN'
      , 'India'
      , 30
      );

  INSERT INTO country VALUES
      ( 'AU'
      , 'Australia'
      , 40
      );

  INSERT INTO country VALUES
      ( 'ZW'
      , 'Zimbabwe'
      , 50
      );

  INSERT INTO country VALUES
      ( 'SG'
      , 'Singapore'
      , 30
      );

  INSERT INTO country VALUES
      ( 'GB'
      , 'United Kingdom of Great Britain and Northern Ireland'
      , 10
      );

  INSERT INTO country VALUES
      ( 'FR'
      , 'France'
      , 10
      );

  INSERT INTO country VALUES
      ( 'DE'
      , 'Germany'
      , 10
      );

  INSERT INTO country VALUES
      ( 'ZM'
      , 'Zambia'
      , 50
      );

  INSERT INTO country VALUES
      ( 'EG'
      , 'Egypt'
      , 50
      );

  INSERT INTO country VALUES
      ( 'BR'
      , 'Brazil'
      , 20
      );

  INSERT INTO country VALUES
      ( 'CH'
      , 'Switzerland'
      , 10
      );

  INSERT INTO country VALUES
      ( 'NL'
      , 'Netherlands'
      , 10
      );

  INSERT INTO country VALUES
      ( 'MX'
      , 'Mexico'
      , 20
      );

  INSERT INTO country VALUES
      ( 'KW'
      , 'Kuwait'
      , 30
      );

  INSERT INTO country VALUES
      ( 'IL'
      , 'Israel'
      , 30
      );

  INSERT INTO country VALUES
      ( 'DK'
      , 'Denmark'
      , 10
      );

  INSERT INTO country VALUES
      ( 'ML'
      , 'Malaysia'
      , 30
      );

  INSERT INTO country VALUES
      ( 'NG'
      , 'Nigeria'
      , 50
      );

  INSERT INTO country VALUES
      ( 'AR'
      , 'Argentina'
      , 20
      );

  INSERT INTO country VALUES
      ( 'BE'
      , 'Belgium'
      , 10
      );
      
     
     
     
     
     
     INSERT INTO location VALUES
      ( 1000
      , '1297 Via Cola di Rie'
      , '00989'
      , 'Roma'
      , NULL
      , 'IT'
      );

  INSERT INTO location VALUES
      ( 1100
      , '93091 Calle della Testa'
      , '10934'
      , 'Venice'
      , NULL
      , 'IT'
      );

  INSERT INTO location VALUES
      ( 1200
      , '2017 Shinjuku-ku'
      , '1689'
      , 'Tokyo'
      , 'Tokyo Prefecture'
      , 'JP'
      );

  INSERT INTO location VALUES
      ( 1300
      , '9450 Kamiya-cho'
      , '6823'
      , 'Hiroshima'
      , NULL
      , 'JP'
      );

  INSERT INTO location VALUES
      ( 1400
      , '2014 Jabberwocky Rd'
      , '26192'
      , 'Southlake'
      , 'Texas'
      , 'US'
      );

  INSERT INTO location VALUES
      ( 1500
      , '2011 Interiors Blvd'
      , '99236'
      , 'South San Francisco'
      , 'California'
      , 'US'
      );

  INSERT INTO location VALUES
      ( 1600
      , '2007 Zagora St'
      , '50090'
      , 'South Brunswick'
      , 'New Jersey'
      , 'US'
      );

  INSERT INTO location VALUES
      ( 1700
      , '2004 Charade Rd'
      , '98199'
      , 'Seattle'
      , 'Washington'
      , 'US'
      );

  INSERT INTO location VALUES
      ( 1800
      , '147 Spadina Ave'
      , 'M5V 2L7'
      , 'Toronto'
      , 'Ontario'
      , 'CA'
      );

  INSERT INTO location VALUES
      ( 1900
      , '6092 Boxwood St'
      , 'YSW 9T2'
      , 'Whitehorse'
      , 'Yukon'
      , 'CA'
      );

  INSERT INTO location VALUES
      ( 2000
      , '40-5-12 Laogianggen'
      , '190518'
      , 'Beijing'
      , NULL
      , 'CN'
      );

  INSERT INTO location VALUES
      ( 2100
      , '1298 Vileparle (E)'
      , '490231'
      , 'Bombay'
      , 'Maharashtra'
      , 'IN'
      );

  INSERT INTO location VALUES
      ( 2200
      , '12-98 Victoria Street'
      , '2901'
      , 'Sydney'
      , 'New South Wales'
      , 'AU'
      );

  INSERT INTO location VALUES
      ( 2300
      , '198 Clementi North'
      , '540198'
      , 'Singapore'
      , NULL
      , 'SG'
      );

  INSERT INTO location VALUES
      ( 2400
      , '8204 Arthur St'
      , NULL
      , 'London'
      , NULL
      , 'GB'
      );

  INSERT INTO location VALUES
      ( 2500
      , 'Magdalen Centre, The Oxford Science Park'
      , 'OX9 9ZB'
      , 'Oxford'
      , 'Oxford'
      , 'GB'
      );

  INSERT INTO location VALUES
      ( 2600
      , '9702 Chester Road'
      , '09629850293'
      , 'Stretford'
      , 'Manchester'
      , 'GB'
      );

  INSERT INTO location VALUES
      ( 2700
      , 'Schwanthalerstr. 7031'
      , '80925'
      , 'Munich'
      , 'Bavaria'
      , 'DE'
      );

  INSERT INTO location VALUES
      ( 2800
      , 'Rua Frei Caneca 1360 '
      , '01307-002'
      , 'Sao Paulo'
      , 'Sao Paulo'
      , 'BR'
      );

  INSERT INTO location VALUES
      ( 2900
      , '20 Rue des Corps-Saints'
      , '1730'
      , 'Geneva'
      , 'Geneve'
      , 'CH'
      );

  INSERT INTO location VALUES
      ( 3000
      , 'Murtenstrasse 921'
      , '3095'
      , 'Bern'
      , 'BE'
      , 'CH'
      );

  INSERT INTO location VALUES
      ( 3100
      , 'Pieter Breughelstraat 837'
      , '3029SK'
      , 'Utrecht'
      , 'Utrecht'
      , 'NL'
      );

  INSERT INTO location VALUES
      ( 3200
      , 'Mariano Escobedo 9991'
      , '11932'
      , 'Mexico City'
      , 'Distrito Federal'
      , 'MX'
      );
      
     
     
     
     
      INSERT INTO department VALUES
      ( 10
      , 'Administration'
      , 200
      , 1700
      );

  INSERT INTO department VALUES
      ( 20
      , 'Marketing'
      , 201
      , 1800
      );

  INSERT INTO department VALUES
      ( 30
      , 'Purchasing'
      , 114
      , 1700
      );

  INSERT INTO department VALUES
      ( 40
      , 'Human Resources'
      , 203
      , 2400
      );

  INSERT INTO department VALUES
      ( 50
      , 'Shipping'
      , 121
      , 1500
      );

  INSERT INTO department VALUES
      ( 60
      , 'IT'
      , 103
      , 1400
      );

  INSERT INTO department VALUES
      ( 70
      , 'Public Relations'
      , 204
      , 2700
      );

  INSERT INTO department VALUES
      ( 80
      , 'Sales'
      , 145
      , 2500
      );

  INSERT INTO department VALUES
      ( 90
      , 'Executive'
      , 100
      , 1700
      );

  INSERT INTO department VALUES
      ( 100
      , 'Finance'
      , 108
      , 1700
      );

  INSERT INTO department VALUES
      ( 110
      , 'Accounting'
      , 205
      , 1700
      );

  INSERT INTO department VALUES
      ( 120
      , 'Treasury'
      , NULL
      , 1700
      );

  INSERT INTO department VALUES
      ( 130
      , 'Corporate Tax'
      , NULL
      , 1700
      );

  INSERT INTO department VALUES
      ( 140
      , 'Control And Credit'
      , NULL
      , 1700
      );

  INSERT INTO department VALUES
      ( 150
      , 'Shareholder Services'
      , NULL
      , 1700
      );

  INSERT INTO department VALUES
      ( 160
      , 'Benefits'
      , NULL
      , 1700
      );

  INSERT INTO department VALUES
      ( 170
      , 'Manufacturing'
      , NULL
      , 1700
      );

  INSERT INTO department VALUES
      ( 180
      , 'Construction'
      , NULL
      , 1700
      );

  INSERT INTO department VALUES
      ( 190
      , 'Contracting'
      , NULL
      , 1700
      );

  INSERT INTO department VALUES
      ( 200
      , 'Operations'
      , NULL
      , 1700
      );

  INSERT INTO department VALUES
      ( 210
      , 'IT Support'
      , NULL
      , 1700
      );

  INSERT INTO department VALUES
      ( 220
      , 'NOC'
      , NULL
      , 1700
      );

  INSERT INTO department VALUES
      ( 230
      , 'IT Helpdesk'
      , NULL
      , 1700
      );

  INSERT INTO department VALUES
      ( 240
      , 'Government Sales'
      , NULL
      , 1700
      );

  INSERT INTO department VALUES
      ( 250
      , 'Retail Sales'
      , NULL
      , 1700
      );

  INSERT INTO department VALUES
      ( 260
      , 'Recruiting'
      , NULL
      , 1700
      );

  INSERT INTO department VALUES
      ( 270
      , 'Payroll'
      , NULL
      , 1700
      );
      
     INSERT INTO job VALUES
      ( 'AD_PRES'
      , 'President'
      , 20080
      , 40000
      );
  INSERT INTO job VALUES
      ( 'AD_VP'
      , 'Administration Vice President'
      , 15000
      , 30000
      );

  INSERT INTO job VALUES
      ( 'AD_ASST'
      , 'Administration Assistant'
      , 3000
      , 6000
      );

  INSERT INTO job VALUES
      ( 'FI_MGR'
      , 'Finance Manager'
      , 8200
      , 16000
      );

  INSERT INTO job VALUES
      ( 'FI_ACCOUNT'
      , 'Accountant'
      , 4200
      , 9000
      );

  INSERT INTO job VALUES
      ( 'AC_MGR'
      , 'Accounting Manager'
      , 8200
      , 16000
      );

  INSERT INTO job VALUES
      ( 'AC_ACCOUNT'
      , 'Public Accountant'
      , 4200
      , 9000
      );
  INSERT INTO job VALUES
      ( 'SA_MAN'
      , 'Sales Manager'
      , 10000
      , 20080
      );

  INSERT INTO job VALUES
      ( 'SA_REP'
      , 'Sales Representative'
      , 6000
      , 12008
      );

  INSERT INTO job VALUES
      ( 'PU_MAN'
      , 'Purchasing Manager'
      , 8000
      , 15000
      );

  INSERT INTO job VALUES
      ( 'PU_CLERK'
      , 'Purchasing Clerk'
      , 2500
      , 5500
      );

  INSERT INTO job VALUES
      ( 'ST_MAN'
      , 'Stock Manager'
      , 5500
      , 8500
      );
  INSERT INTO job VALUES
      ( 'ST_CLERK'
      , 'Stock Clerk'
      , 2008
      , 5000
      );

  INSERT INTO job VALUES
      ( 'SH_CLERK'
      , 'Shipping Clerk'
      , 2500
      , 5500
      );

  INSERT INTO job VALUES
      ( 'IT_PROG'
      , 'Programmer'
      , 4000
      , 10000
      );

  INSERT INTO job VALUES
      ( 'MK_MAN'
      , 'Marketing Manager'
      , 9000
      , 15000
      );

  INSERT INTO job VALUES
      ( 'MK_REP'
      , 'Marketing Representative'
      , 4000
      , 9000
      );

  INSERT INTO job VALUES
      ( 'HR_REP'
      , 'Human Resources Representative'
      , 4000
      , 9000
      );

  INSERT INTO job VALUES
      ( 'PR_REP'
      , 'Public Relations Representative'
      , 4500
      , 10500
      );
      
     
     
     
  INSERT INTO employee VALUES
      ( 100
      , 'Steven'
      , 'King'
      , 'SKING'
      , '1.515.555.0100'
      , STR_TO_DATE('17-06-2013', '%d-%m-%Y')
      , 'AD_PRES'
      , 24000
      , NULL
      , NULL
      , 90
      );

  INSERT INTO employee VALUES
      ( 101
      , 'Neena'
      , 'Yang'
      , 'NYANG'
      , '1.515.555.0101'
      , STR_TO_DATE('21-09-2015', '%d-%m-%Y')
      , 'AD_VP'
      , 17000
      , NULL
      , 100
      , 90
      );

  INSERT INTO employee VALUES
      ( 102
      , 'Lex'
      , 'Garcia'
      , 'LGARCIA'
      , '1.515.555.0102'
      , STR_TO_DATE('13-01-2011', '%d-%m-%Y')
      , 'AD_VP'
      , 17000
      , NULL
      , 100
      , 90
      );

  INSERT INTO employee VALUES
      ( 103
      , 'Alexander'
      , 'James'
      , 'AJAMES'
      , '1.590.555.0103'
      , STR_TO_DATE('03-01-2016', '%d-%m-%Y')
      , 'IT_PROG'
      , 9000
      , NULL
      , 102
      , 60
      );

  INSERT INTO employee VALUES
      ( 104
      , 'Bruce'
      , 'Miller'
      , 'BMILLER'
      , '1.590.555.0104'
      , STR_TO_DATE('21-05-2017', '%d-%m-%Y')
      , 'IT_PROG'
      , 6000
      , NULL
      , 103
      , 60
      );

  INSERT INTO employee VALUES
      ( 105
      , 'David'
      , 'Williams'
      , 'DWILLIAMS'
      , '1.590.555.0105'
      , STR_TO_DATE('25-06-2015', '%d-%m-%Y')
      , 'IT_PROG'
      , 4800
      , NULL
      , 103
      , 60
      );

  INSERT INTO employee VALUES
      ( 106
      , 'Valli'
      , 'Jackson'
      , 'VJACKSON'
      , '1.590.555.0106'
      , STR_TO_DATE('05-02-2016', '%d-%m-%Y')
      , 'IT_PROG'
      , 4800
      , NULL
      , 103
      , 60
      );

  INSERT INTO employee VALUES
      ( 107
      , 'Diana'
      , 'Nguyen'
      , 'DNGUYEN'
      , '1.590.555.0107'
      , STR_TO_DATE('07-02-2017', '%d-%m-%Y')
      , 'IT_PROG'
      , 4200
      , NULL
      , 103
      , 60
      );

  INSERT INTO employee VALUES
      ( 108
      , 'Nancy'
      , 'Gruenberg'
      , 'NGRUENBE'
      , '1.515.555.0108'
      , STR_TO_DATE('17-08-2012', '%d-%m-%Y')
      , 'FI_MGR'
      , 12008
      , NULL
      , 101
      , 100
      );

  INSERT INTO employee VALUES
      ( 109
      , 'Daniel'
      , 'Faviet'
      , 'DFAVIET'
      , '1.515.555.0109'
      , STR_TO_DATE('16-08-2012', '%d-%m-%Y')
      , 'FI_ACCOUNT'
      , 9000
      , NULL
      , 108
      , 100
      );

  INSERT INTO employee VALUES
      ( 110
      , 'John'
      , 'Chen'
      , 'JCHEN'
      , '1.515.555.0110'
      , STR_TO_DATE('28-09-2015', '%d-%m-%Y')
      , 'FI_ACCOUNT'
      , 8200
      , NULL
      , 108
      , 100
      );

  INSERT INTO employee VALUES
      ( 111
      , 'Ismael'
      , 'Sciarra'
      , 'ISCIARRA'
      , '1.515.555.0111'
      , STR_TO_DATE('30-09-2015', '%d-%m-%Y')
      , 'FI_ACCOUNT'
      , 7700
      , NULL
      , 108
      , 100
      );

  INSERT INTO employee VALUES
      ( 112
      , 'Jose Manuel'
      , 'Urman'
      , 'JMURMAN'
      , '1.515.555.0112'
      , STR_TO_DATE('07-03-2016', '%d-%m-%Y')
      , 'FI_ACCOUNT'
      , 7800
      , NULL
      , 108
      , 100
      );

  INSERT INTO employee VALUES
      ( 113
      , 'Luis'
      , 'Popp'
      , 'LPOPP'
      , '1.515.555.0113'
      , STR_TO_DATE('07-12-2017', '%d-%m-%Y')
      , 'FI_ACCOUNT'
      , 6900
      , NULL
      , 108
      , 100
      );

  INSERT INTO employee VALUES
      ( 114
      , 'Den'
      , 'Li'
      , 'DLI'
      , '1.515.555.0114'
      , STR_TO_DATE('07-12-2012', '%d-%m-%Y')
      , 'PU_MAN'
      , 11000
      , NULL
      , 100
      , 30
      );

  INSERT INTO employee VALUES
      ( 115
      , 'Alexander'
      , 'Khoo'
      , 'AKHOO'
      , '1.515.555.0115'
      , STR_TO_DATE('18-05-2013', '%d-%m-%Y')
      , 'PU_CLERK'
      , 3100
      , NULL
      , 114
      , 30
      );

  INSERT INTO employee VALUES
      ( 116
      , 'Shelli'
      , 'Baida'
      , 'SBAIDA'
      , '1.515.555.0116'
      , STR_TO_DATE('24-12-2015', '%d-%m-%Y')
      , 'PU_CLERK'
      , 2900
      , NULL
      , 114
      , 30
      );

  INSERT INTO employee VALUES
      ( 117
      , 'Sigal'
      , 'Tobias'
      , 'STOBIAS'
      , '1.515.555.0117'
      , STR_TO_DATE('24-07-2015', '%d-%m-%Y')
      , 'PU_CLERK'
      , 2800
      , NULL
      , 114
      , 30
      );

  INSERT INTO employee VALUES
      ( 118
      , 'Guy'
      , 'Himuro'
      , 'GHIMURO'
      , '1.515.555.0118'
      , STR_TO_DATE('15-11-2016', '%d-%m-%Y')
      , 'PU_CLERK'
      , 2600
      , NULL
      , 114
      , 30
      );

  INSERT INTO employee VALUES
      ( 119
      , 'Karen'
      , 'Colmenares'
      , 'KCOLMENA'
      , '1.515.555.0119'
      , STR_TO_DATE('10-08-2017', '%d-%m-%Y')
      , 'PU_CLERK'
      , 2500
      , NULL
      , 114
      , 30
      );

  INSERT INTO employee VALUES
      ( 120
      , 'Matthew'
      , 'Weiss'
      , 'MWEISS'
      , '1.650.555.0120'
      , STR_TO_DATE('18-07-2014', '%d-%m-%Y')
      , 'ST_MAN'
      , 8000
      , NULL
      , 100
      , 50
      );

  INSERT INTO employee VALUES
      ( 121
      , 'Adam'
      , 'Fripp'
      , 'AFRIPP'
      , '1.650.555.0121'
      , STR_TO_DATE('10-04-2015', '%d-%m-%Y')
      , 'ST_MAN'
      , 8200
      , NULL
      , 100
      , 50
      );

  INSERT INTO employee VALUES
      ( 122
      , 'Payam'
      , 'Kaufling'
      , 'PKAUFLIN'
      , '1.650.555.0122'
      , STR_TO_DATE('01-05-2013', '%d-%m-%Y')
      , 'ST_MAN'
      , 7900
      , NULL
      , 100
      , 50
      );

  INSERT INTO employee VALUES
      ( 123
      , 'Shanta'
      , 'Vollman'
      , 'SVOLLMAN'
      , '1.650.555.0123'
      , STR_TO_DATE('10-10-2015', '%d-%m-%Y')
      , 'ST_MAN'
      , 6500
      , NULL
      , 100
      , 50
      );

  INSERT INTO employee VALUES
      ( 124
      , 'Kevin'
      , 'Mourgos'
      , 'KMOURGOS'
      , '1.650.555.0124'
      , STR_TO_DATE('16-11-2017', '%d-%m-%Y')
      , 'ST_MAN'
      , 5800
      , NULL
      , 100
      , 50
      );

  INSERT INTO employee VALUES
      ( 125
      , 'Julia'
      , 'Nayer'
      , 'JNAYER'
      , '1.650.555.0125'
      , STR_TO_DATE('16-07-2015', '%d-%m-%Y')
      , 'ST_CLERK'
      , 3200
      , NULL
      , 120
      , 50
      );

  INSERT INTO employee VALUES
      ( 126
      , 'Irene'
      , 'Mikkilineni'
      , 'IMIKKILI'
      , '1.650.555.0126'
      , STR_TO_DATE('28-09-2016', '%d-%m-%Y')
      , 'ST_CLERK'
      , 2700
      , NULL
      , 120
      , 50
      );

  INSERT INTO employee VALUES
      ( 127
      , 'James'
      , 'Landry'
      , 'JLANDRY'
      , '1.650.555.0127'
      , STR_TO_DATE('14-01-2017', '%d-%m-%Y')
      , 'ST_CLERK'
      , 2400
      , NULL
      , 120
      , 50
      );

  INSERT INTO employee VALUES
      ( 128
      , 'Steven'
      , 'Markle'
      , 'SMARKLE'
      , '1.650.555.0128'
      , STR_TO_DATE('08-03-2018', '%d-%m-%Y')
      , 'ST_CLERK'
      , 2200
      , NULL
      , 120
      , 50
      );

  INSERT INTO employee VALUES
      ( 129
      , 'Laura'
      , 'Bissot'
      , 'LBISSOT'
      , '1.650.555.0129'
      , STR_TO_DATE('20-08-2015', '%d-%m-%Y')
      , 'ST_CLERK'
      , 3300
      , NULL
      , 121
      , 50
      );

  INSERT INTO employee VALUES
      ( 130
      , 'Mozhe'
      , 'Atkinson'
      , 'MATKINSO'
      , '1.650.555.0130'
      , STR_TO_DATE('30-10-2015', '%d-%m-%Y')
      , 'ST_CLERK'
      , 2800
      , NULL
      , 121
      , 50
      );

  INSERT INTO employee VALUES
      ( 131
      , 'James'
      , 'Marlow'
      , 'JAMRLOW'
      , '1.650.555.0131'
      , STR_TO_DATE('16-02-2015', '%d-%m-%Y')
      , 'ST_CLERK'
      , 2500
      , NULL
      , 121
      , 50
      );

  INSERT INTO employee VALUES
      ( 132
      , 'TJ'
      , 'Olson'
      , 'TJOLSON'
      , '1.650.555.0132'
      , STR_TO_DATE('10-04-2017', '%d-%m-%Y')
      , 'ST_CLERK'
      , 2100
      , NULL
      , 121
      , 50
      );

  INSERT INTO employee VALUES
      ( 133
      , 'Jason'
      , 'Mallin'
      , 'JMALLIN'
      , '1.650.555.0133'
      , STR_TO_DATE('14-06-2014', '%d-%m-%Y')
      , 'ST_CLERK'
      , 3300
      , NULL
      , 122
      , 50
      );

  INSERT INTO employee VALUES
      ( 134
      , 'Michael'
      , 'Rogers'
      , 'MROGERS'
      , '1.650.555.0134'
      , STR_TO_DATE('26-08-2016', '%d-%m-%Y')
      , 'ST_CLERK'
      , 2900
      , NULL
      , 122
      , 50
      );

  INSERT INTO employee VALUES
      ( 135
      , 'Ki'
      , 'Gee'
      , 'KGEE'
      , '1.650.555.0135'
      , STR_TO_DATE('12-12-2017', '%d-%m-%Y')
      , 'ST_CLERK'
      , 2400
      , NULL
      , 122
      , 50
      );

  INSERT INTO employee VALUES
      ( 136
      , 'Hazel'
      , 'Philtanker'
      , 'HPHILTAN'
      , '1.650.555.0136'
      , STR_TO_DATE('06-02-2018', '%d-%m-%Y')
      , 'ST_CLERK'
      , 2200
      , NULL
      , 122
      , 50
      );

  INSERT INTO employee VALUES
      ( 137
      , 'Renske'
      , 'Ladwig'
      , 'RLADWIG'
      , '1.650.555.0137'
      , STR_TO_DATE('14-07-2013', '%d-%m-%Y')
      , 'ST_CLERK'
      , 3600
      , NULL
      , 123
      , 50
      );

  INSERT INTO employee VALUES
      ( 138
      , 'Stephen'
      , 'Stiles'
      , 'SSTILES'
      , '1.650.555.0138'
      , STR_TO_DATE('26-10-2015', '%d-%m-%Y')
      , 'ST_CLERK'
      , 3200
      , NULL
      , 123
      , 50
      );

  INSERT INTO employee VALUES
      ( 139
      , 'John'
      , 'Seo'
      , 'JSEO'
      , '1.650.555.0139'
      , STR_TO_DATE('12-02-2016', '%d-%m-%Y')
      , 'ST_CLERK'
      , 2700
      , NULL
      , 123
      , 50
      );

  INSERT INTO employee VALUES
      ( 140
      , 'Joshua'
      , 'Patel'
      , 'JPATEL'
      , '1.650.555.0140'
      , STR_TO_DATE('06-04-2016', '%d-%m-%Y')
      , 'ST_CLERK'
      , 2500
      , NULL
      , 123
      , 50
      );

  INSERT INTO employee VALUES
      ( 141
      , 'Trenna'
      , 'Rajs'
      , 'TRAJS'
      , '1.650.555.0141'
      , STR_TO_DATE('17-10-2013', '%d-%m-%Y')
      , 'ST_CLERK'
      , 3500
      , NULL
      , 124
      , 50
      );

  INSERT INTO employee VALUES
      ( 142
      , 'Curtis'
      , 'Davies'
      , 'CDAVIES'
      , '1.650.555.0142'
      , STR_TO_DATE('29-01-2015', '%d-%m-%Y')
      , 'ST_CLERK'
      , 3100
      , NULL
      , 124
      , 50
      );

  INSERT INTO employee VALUES
      ( 143
      , 'Randall'
      , 'Matos'
      , 'RMATOS'
      , '1.650.555.0143'
      , STR_TO_DATE('15-03-2016', '%d-%m-%Y')
      , 'ST_CLERK'
      , 2600
      , NULL
      , 124
      , 50
      );

  INSERT INTO employee VALUES
      ( 144
      , 'Peter'
      , 'Vargas'
      , 'PVARGAS'
      , '1.650.555.0144'
      , STR_TO_DATE('09-07-2016', '%d-%m-%Y')
      , 'ST_CLERK'
      , 2500
      , NULL
      , 124
      , 50
      );

  INSERT INTO employee VALUES
      ( 145
      , 'John'
      , 'Singh'
      , 'JSINGH'
      , '44.1632.960000'
      , STR_TO_DATE('01-10-2014', '%d-%m-%Y')
      , 'SA_MAN'
      , 14000
      , .4
      , 100
      , 80
      );

  INSERT INTO employee VALUES
      ( 146
      , 'Karen'
      , 'Partners'
      , 'KPARTNER'
      , '44.1632.960001'
      , STR_TO_DATE('05-01-2015', '%d-%m-%Y')
      , 'SA_MAN'
      , 13500
      , .3
      , 100
      , 80
      );

  INSERT INTO employee VALUES
      ( 147
      , 'Alberto'
      , 'Errazuriz'
      , 'AERRAZUR'
      , '44.1632.960002'
      , STR_TO_DATE('10-03-2015', '%d-%m-%Y')
      , 'SA_MAN'
      , 12000
      , .3
      , 100
      , 80
      );

  INSERT INTO employee VALUES
      ( 148
      , 'Gerald'
      , 'Cambrault'
      , 'GCAMBRAU'
      , '44.1632.960003'
      , STR_TO_DATE('15-10-2017', '%d-%m-%Y')
      , 'SA_MAN'
      , 11000
      , .3
      , 100
      , 80
      );

  INSERT INTO employee VALUES
      ( 149
      , 'Eleni'
      , 'Zlotkey'
      , 'EZLOTKEY'
      , '44.1632.960004'
      , STR_TO_DATE('29-01-2018', '%d-%m-%Y')
      , 'SA_MAN'
      , 10500
      , .2
      , 100
      , 80
      );

  INSERT INTO employee VALUES
      ( 150
      , 'Sean'
      , 'Tucker'
      , 'STUCKER'
      , '44.1632.960005'
      , STR_TO_DATE('30-01-2015', '%d-%m-%Y')
      , 'SA_REP'
      , 10000
      , .3
      , 145
      , 80
      );

  INSERT INTO employee VALUES
      ( 151
      , 'David'
      , 'Bernstein'
      , 'DBERNSTE'
      , '44.1632.960006'
      , STR_TO_DATE('24-03-2015', '%d-%m-%Y')
      , 'SA_REP'
      , 9500
      , .25
      , 145
      , 80
      );

  INSERT INTO employee VALUES
      ( 152
      , 'Peter'
      , 'Hall'
      , 'PHALL'
      , '44.1632.960007'
      , STR_TO_DATE('20-08-2015', '%d-%m-%Y')
      , 'SA_REP'
      , 9000
      , .25
      , 145
      , 80
      );

  INSERT INTO employee VALUES
      ( 153
      , 'Christopher'
      , 'Olsen'
      , 'COLSEN'
      , '44.1632.960008'
      , STR_TO_DATE('30-03-2016', '%d-%m-%Y')
      , 'SA_REP'
      , 8000
      , .2
      , 145
      , 80
      );

  INSERT INTO employee VALUES
      ( 154
      , 'Nanette'
      , 'Cambrault'
      , 'NCAMBRAU'
      , '44.1632.960009'
      , STR_TO_DATE('09-12-2016', '%d-%m-%Y')
      , 'SA_REP'
      , 7500
      , .2
      , 145
      , 80
      );

  INSERT INTO employee VALUES
      ( 155
      , 'Oliver'
      , 'Tuvault'
      , 'OTUVAULT'
      , '44.1632.960010'
      , STR_TO_DATE('23-11-2017', '%d-%m-%Y')
      , 'SA_REP'
      , 7000
      , .15
      , 145
      , 80
      );

  INSERT INTO employee VALUES
      ( 156
      , 'Janette'
      , 'King'
      , 'JKING'
      , '44.1632.960011'
      , STR_TO_DATE('30-01-2014', '%d-%m-%Y')
      , 'SA_REP'
      , 10000
      , .35
      , 146
      , 80
      );

  INSERT INTO employee VALUES
      ( 157
      , 'Patrick'
      , 'Sully'
      , 'PSULLY'
      , '44.1632.960012'
      , STR_TO_DATE('04-03-2014', '%d-%m-%Y')
      , 'SA_REP'
      , 9500
      , .35
      , 146
      , 80
      );

  INSERT INTO employee VALUES
      ( 158
      , 'Allan'
      , 'McEwen'
      , 'AMCEWEN'
      , '44.1632.960013'
      , STR_TO_DATE('01-08-2014', '%d-%m-%Y')
      , 'SA_REP'
      , 9000
      , .35
      , 146
      , 80
      );

  INSERT INTO employee VALUES
      ( 159
      , 'Lindsey'
      , 'Smith'
      , 'LSMITH'
      , '44.1632.960014'
      , STR_TO_DATE('10-03-2015', '%d-%m-%Y')
      , 'SA_REP'
      , 8000
      , .3
      , 146
      , 80
      );

  INSERT INTO employee VALUES
      ( 160
      , 'Louise'
      , 'Doran'
      , 'LDORAN'
      , '44.1632.960015'
      , STR_TO_DATE('15-12-2015', '%d-%m-%Y')
      , 'SA_REP'
      , 7500
      , .3
      , 146
      , 80
      );

  INSERT INTO employee VALUES
      ( 161
      , 'Sarath'
      , 'Sewall'
      , 'SSEWALL'
      , '44.1632.960016'
      , STR_TO_DATE('03-11-2016', '%d-%m-%Y')
      , 'SA_REP'
      , 7000
      , .25
      , 146
      , 80
      );

  INSERT INTO employee VALUES
      ( 162
      , 'Clara'
      , 'Vishney'
      , 'CVISHNEY'
      , '44.1632.960017'
      , STR_TO_DATE('11-11-2015', '%d-%m-%Y')
      , 'SA_REP'
      , 10500
      , .25
      , 147
      , 80
      );

  INSERT INTO employee VALUES
      ( 163
      , 'Danielle'
      , 'Greene'
      , 'DGREENE'
      , '44.1632.960018'
      , STR_TO_DATE('19-03-2017', '%d-%m-%Y')
      , 'SA_REP'
      , 9500
      , .15
      , 147
      , 80
      );

  INSERT INTO employee VALUES
      ( 164
      , 'Mattea'
      , 'Marvins'
      , 'MMARVINS'
      , '44.1632.960019'
      , STR_TO_DATE('24-01-2018', '%d-%m-%Y')
      , 'SA_REP'
      , 7200
      , .10
      , 147
      , 80
      );

  INSERT INTO employee VALUES
      ( 165
      , 'David'
      , 'Lee'
      , 'DLEE'
      , '44.1632.960020'
      , STR_TO_DATE('23-02-2018', '%d-%m-%Y')
      , 'SA_REP'
      , 6800
      , .1
      , 147
      , 80
      );

  INSERT INTO employee VALUES
      ( 166
      , 'Sundar'
      , 'Ande'
      , 'SANDE'
      , '44.1632.960021'
      , STR_TO_DATE('24-03-2018', '%d-%m-%Y')
      , 'SA_REP'
      , 6400
      , .10
      , 147
      , 80
      );

  INSERT INTO employee VALUES
      ( 167
      , 'Amit'
      , 'Banda'
      , 'ABANDA'
      , '44.1632.960022'
      , STR_TO_DATE('21-04-2018', '%d-%m-%Y')
      , 'SA_REP'
      , 6200
      , .10
      , 147
      , 80
      );

  INSERT INTO employee VALUES
      ( 168
      , 'Lisa'
      , 'Ozer'
      , 'LOZER'
      , '44.1632.960023'
      , STR_TO_DATE('11-03-2015', '%d-%m-%Y')
      , 'SA_REP'
      , 11500
      , .25
      , 148
      , 80
      );

  INSERT INTO employee VALUES
      ( 169
      , 'Harrison'
      , 'Bloom'
      , 'HBLOOM'
      , '44.1632.960024'
      , STR_TO_DATE('23-03-2016', '%d-%m-%Y')
      , 'SA_REP'
      , 10000
      , .20
      , 148
      , 80
      );

  INSERT INTO employee VALUES
      ( 170
      , 'Tayler'
      , 'Fox'
      , 'TFOX'
      , '44.1632.960025'
      , STR_TO_DATE('24-01-2016', '%d-%m-%Y')
      , 'SA_REP'
      , 9600
      , .20
      , 148
      , 80
      );

  INSERT INTO employee VALUES
      ( 171
      , 'William'
      , 'Smith'
      , 'WSMITH'
      , '44.1632.960026'
      , STR_TO_DATE('23-02-2017', '%d-%m-%Y')
      , 'SA_REP'
      , 7400
      , .15
      , 148
      , 80
      );

  INSERT INTO employee VALUES
      ( 172
      , 'Elizabeth'
      , 'Bates'
      , 'EBATES'
      , '44.1632.960027'
      , STR_TO_DATE('24-03-2017', '%d-%m-%Y')
      , 'SA_REP'
      , 7300
      , .15
      , 148
      , 80
      );

  INSERT INTO employee VALUES
      ( 173
      , 'Sundita'
      , 'Kumar'
      , 'SKUMAR'
      , '44.1632.960028'
      , STR_TO_DATE('21-04-2018', '%d-%m-%Y')
      , 'SA_REP'
      , 6100
      , .10
      , 148
      , 80
      );

  INSERT INTO employee VALUES
      ( 174
      , 'Ellen'
      , 'Abel'
      , 'EABEL'
      , '44.1632.960029'
      , STR_TO_DATE('11-05-2014', '%d-%m-%Y')
      , 'SA_REP'
      , 11000
      , .30
      , 149
      , 80
      );

  INSERT INTO employee VALUES
      ( 175
      , 'Alyssa'
      , 'Hutton'
      , 'AHUTTON'
      , '44.1632.960030'
      , STR_TO_DATE('19-03-2015', '%d-%m-%Y')
      , 'SA_REP'
      , 8800
      , .25
      , 149
      , 80
      );

  INSERT INTO employee VALUES
      ( 176
      , 'Jonathon'
      , 'Taylor'
      , 'JTAYLOR'
      , '44.1632.960031'
      , STR_TO_DATE('24-03-2016', '%d-%m-%Y')
      , 'SA_REP'
      , 8600
      , .20
      , 149
      , 80
      );

  INSERT INTO employee VALUES
      ( 177
      , 'Jack'
      , 'Livingston'
      , 'JLIVINGS'
      , '44.1632.960032'
      , STR_TO_DATE('23-04-2016', '%d-%m-%Y')
      , 'SA_REP'
      , 8400
      , .20
      , 149
      , 80
      );

  INSERT INTO employee VALUES
      ( 178
      , 'Kimberely'
      , 'Grant'
      , 'KGRANT'
      , '44.1632.960033'
      , STR_TO_DATE('24-05-2017', '%d-%m-%Y')
      , 'SA_REP'
      , 7000
      , .15
      , 149
      , NULL
      );

  INSERT INTO employee VALUES
      ( 179
      , 'Charles'
      , 'Johnson'
      , 'CJOHNSON'
      , '44.1632.960034'
      , STR_TO_DATE('04-01-2018', '%d-%m-%Y')
      , 'SA_REP'
      , 6200
      , .10
      , 149
      , 80
      );

  INSERT INTO employee VALUES
      ( 180
      , 'Winston'
      , 'Taylor'
      , 'WTAYLOR'
      , '1.650.555.0145'
      , STR_TO_DATE('24-01-2016', '%d-%m-%Y')
      , 'SH_CLERK'
      , 3200
      , NULL
      , 120
      , 50
      );

  INSERT INTO employee VALUES
      ( 181
      , 'Jean'
      , 'Fleaur'
      , 'JFLEAUR'
      , '1.650.555.0146'
      , STR_TO_DATE('23-02-2016', '%d-%m-%Y')
      , 'SH_CLERK'
      , 3100
      , NULL
      , 120
      , 50
      );

  INSERT INTO employee VALUES
      ( 182
      , 'Martha'
      , 'Sullivan'
      , 'MSULLIVA'
      , '1.650.555.0147'
      , STR_TO_DATE('21-06-2017', '%d-%m-%Y')
      , 'SH_CLERK'
      , 2500
      , NULL
      , 120
      , 50
      );

  INSERT INTO employee VALUES
      ( 183
      , 'Girard'
      , 'Geoni'
      , 'GGEONI'
      , '1.650.555.0148'
      , STR_TO_DATE('03-02-2018', '%d-%m-%Y')
      , 'SH_CLERK'
      , 2800
      , NULL
      , 120
      , 50
      );

  INSERT INTO employee VALUES
      ( 184
      , 'Nandita'
      , 'Sarchand'
      , 'NSARCHAN'
      , '1.650.555.0149'
      , STR_TO_DATE('27-01-2014', '%d-%m-%Y')
      , 'SH_CLERK'
      , 4200
      , NULL
      , 121
      , 50
      );

  INSERT INTO employee VALUES
      ( 185
      , 'Alexis'
      , 'Bull'
      , 'ABULL'
      , '1.650.555.0150'
      , STR_TO_DATE('20-02-2015', '%d-%m-%Y')
      , 'SH_CLERK'
      , 4100
      , NULL
      , 121
      , 50
      );

  INSERT INTO employee VALUES
      ( 186
      , 'Julia'
      , 'Dellinger'
      , 'JDELLING'
      , '1.650.555.0151'
      , STR_TO_DATE('24-06-2016', '%d-%m-%Y')
      , 'SH_CLERK'
      , 3400
      , NULL
      , 121
      , 50
      );

  INSERT INTO employee VALUES
      ( 187
      , 'Anthony'
      , 'Cabrio'
      , 'ACABRIO'
      , '1.650.555.0152'
      , STR_TO_DATE('07-02-2017', '%d-%m-%Y')
      , 'SH_CLERK'
      , 3000
      , NULL
      , 121
      , 50
      );

  INSERT INTO employee VALUES
      ( 188
      , 'Kelly'
      , 'Chung'
      , 'KCHUNG'
      , '1.650.555.0153'
      , STR_TO_DATE('14-06-2015', '%d-%m-%Y')
      , 'SH_CLERK'
      , 3800
      , NULL
      , 122
      , 50
      );

  INSERT INTO employee VALUES
      ( 189
      , 'Jennifer'
      , 'Dilly'
      , 'JDILLY'
      , '1.650.555.0154'
      , STR_TO_DATE('13-08-2015', '%d-%m-%Y')
      , 'SH_CLERK'
      , 3600
      , NULL
      , 122
      , 50
      );

  INSERT INTO employee VALUES
      ( 190
      , 'Timothy'
      , 'Venzl'
      , 'TVENZL'
      , '1.650.555.0155'
      , STR_TO_DATE('11-07-2016', '%d-%m-%Y')
      , 'SH_CLERK'
      , 2900
      , NULL
      , 122
      , 50
      );

  INSERT INTO employee VALUES
      ( 191
      , 'Randall'
      , 'Perkins'
      , 'RPERKINS'
      , '1.650.555.0156'
      , STR_TO_DATE('19-12-2017', '%d-%m-%Y')
      , 'SH_CLERK'
      , 2500
      , NULL
      , 122
      , 50
      );

  INSERT INTO employee VALUES
      ( 192
      , 'Sarah'
      , 'Bell'
      , 'SBELL'
      , '1.650.555.0157'
      , STR_TO_DATE('04-02-2014', '%d-%m-%Y')
      , 'SH_CLERK'
      , 4000
      , NULL
      , 123
      , 50
      );

  INSERT INTO employee VALUES
      ( 193
      , 'Britney'
      , 'Everett'
      , 'BEVERETT'
      , '1.650.555.0158'
      , STR_TO_DATE('03-03-2015', '%d-%m-%Y')
      , 'SH_CLERK'
      , 3900
      , NULL
      , 123
      , 50
      );

  INSERT INTO employee VALUES
      ( 194
      , 'Samuel'
      , 'McLeod'
      , 'SMCLEOD'
      , '1.650.555.0159'
      , STR_TO_DATE('01-07-2016', '%d-%m-%Y')
      , 'SH_CLERK'
      , 3200
      , NULL
      , 123
      , 50
      );

  INSERT INTO employee VALUES
      ( 195
      , 'Vance'
      , 'Jones'
      , 'VJONES'
      , '1.650.555.0160'
      , STR_TO_DATE('17-03-2017', '%d-%m-%Y')
      , 'SH_CLERK'
      , 2800
      , NULL
      , 123
      , 50
      );

  INSERT INTO employee VALUES
      ( 196
      , 'Alana'
      , 'Walsh'
      , 'AWALSH'
      , '1.650.555.0161'
      , STR_TO_DATE('24-04-2016', '%d-%m-%Y')
      , 'SH_CLERK'
      , 3100
      , NULL
      , 124
      , 50
      );

  INSERT INTO employee VALUES
      ( 197
      , 'Kevin'
      , 'Feeney'
      , 'KFEENEY'
      , '1.650.555.0162'
      , STR_TO_DATE('23-05-2016', '%d-%m-%Y')
      , 'SH_CLERK'
      , 3000
      , NULL
      , 124
      , 50
      );

  INSERT INTO employee VALUES
      ( 198
      , 'Donald'
      , 'OConnell'
      , 'DOCONNEL'
      , '1.650.555.0163'
      , STR_TO_DATE('21-06-2017', '%d-%m-%Y')
      , 'SH_CLERK'
      , 2600
      , NULL
      , 124
      , 50
      );

  INSERT INTO employee VALUES
      ( 199
      , 'Douglas'
      , 'Grant'
      , 'DGRANT'
      , '1.650.555.0164'
      , STR_TO_DATE('13-01-2018', '%d-%m-%Y')
      , 'SH_CLERK'
      , 2600
      , NULL
      , 124
      , 50
      );

  INSERT INTO employee VALUES
      ( 200
      , 'Jennifer'
      , 'Whalen'
      , 'JWHALEN'
      , '1.515.555.0165'
      , STR_TO_DATE('17-09-2013', '%d-%m-%Y')
      , 'AD_ASST'
      , 4400
      , NULL
      , 101
      , 10
      );

  INSERT INTO employee VALUES
      ( 201
      , 'Michael'
      , 'Martinez'
      , 'MMARTINE'
      , '1.515.555.0166'
      , STR_TO_DATE('17-02-2014', '%d-%m-%Y')
      , 'MK_MAN'
      , 13000
      , NULL
      , 100
      , 20
      );

  INSERT INTO employee VALUES
      ( 202
      , 'Pat'
      , 'Davis'
      , 'PDAVIS'
      , '1.603.555.0167'
      , STR_TO_DATE('17-08-2015', '%d-%m-%Y')
      , 'MK_REP'
      , 6000
      , NULL
      , 201
      , 20
      );

  INSERT INTO employee VALUES
      ( 203
      , 'Susan'
      , 'Jacobs'
      , 'SJACOBS'
      , '1.515.555.0168'
      , STR_TO_DATE('07-06-2012', '%d-%m-%Y')
      , 'HR_REP'
      , 6500
      , NULL
      , 101
      , 40
      );

  INSERT INTO employee VALUES
      ( 204
      , 'Hermann'
      , 'Brown'
      , 'HBROWN'
      , '1.515.555.0169'
      , STR_TO_DATE('07-06-2012', '%d-%m-%Y')
      , 'PR_REP'
      , 10000
      , NULL
      , 101
      , 70
      );

  INSERT INTO employee VALUES
      ( 205
      , 'Shelley'
      , 'Higgins'
      , 'SHIGGINS'
      , '1.515.555.0170'
      , STR_TO_DATE('07-06-2012', '%d-%m-%Y')
      , 'AC_MGR'
      , 12008
      , NULL
      , 101
      , 110
      );

  INSERT INTO employee VALUES
      ( 206
      , 'William'
      , 'Gietz'
      , 'WGIETZ'
      , '1.515.555.0171'
      , STR_TO_DATE('07-06-2012', '%d-%m-%Y')
      , 'AC_ACCOUNT'
      , 8300
      , NULL
      , 205
      , 110
      );

      INSERT INTO job_history
  VALUES (102
       , STR_TO_DATE('13-01-2011', '%d-%m-%Y')
       , STR_TO_DATE('24-07-2016', '%d-%m-%Y')
       , 'IT_PROG'
       , 60);

  INSERT INTO job_history
  VALUES (101
       , STR_TO_DATE('21-09-2007', '%d-%m-%Y')
       , STR_TO_DATE('27-10-2011', '%d-%m-%Y')
       , 'AC_ACCOUNT'
       , 110);

  INSERT INTO job_history
  VALUES (101
       , STR_TO_DATE('28-10-2011', '%d-%m-%Y')
       , STR_TO_DATE('15-03-2015', '%d-%m-%Y')
       , 'AC_MGR'
       , 110);

  INSERT INTO job_history
  VALUES (201
       , STR_TO_DATE('17-02-2014', '%d-%m-%Y')
       , STR_TO_DATE('19-12-2017', '%d-%m-%Y')
       , 'MK_REP'
       , 20);

  INSERT INTO job_history
  VALUES  (114
      , STR_TO_DATE('24-03-2016', '%d-%m-%Y')
      , STR_TO_DATE('31-12-2017', '%d-%m-%Y')
      , 'ST_CLERK'
      , 50
      );

  INSERT INTO job_history
  VALUES  (122
      , STR_TO_DATE('01-01-2017', '%d-%m-%Y')
      , STR_TO_DATE('31-12-2017', '%d-%m-%Y')
      , 'ST_CLERK'
      , 50
      );

  INSERT INTO job_history
  VALUES  (200
      , STR_TO_DATE('17-09-2005', '%d-%m-%Y')
      , STR_TO_DATE('17-06-2011', '%d-%m-%Y')
      , 'AD_ASST'
      , 90
      );

  INSERT INTO job_history
  VALUES  (176
      , STR_TO_DATE('24-03-2016', '%d-%m-%Y')
      , STR_TO_DATE('31-12-2016', '%d-%m-%Y')
      , 'SA_REP'
      , 80
      );

  INSERT INTO job_history
  VALUES  (176
      , STR_TO_DATE('01-01-2017', '%d-%m-%Y')
      , STR_TO_DATE('31-12-2017', '%d-%m-%Y')
      , 'SA_MAN'
      , 80
      );

  INSERT INTO job_history
  VALUES  (200
      , STR_TO_DATE('01-07-2012', '%d-%m-%Y')
      , STR_TO_DATE('31-12-2016', '%d-%m-%Y')
      , 'AC_ACCOUNT'
      , 90
      );
    
     -- Ejercicios de la practica evaluable --
     #1:
    select CONCAT(last_name,first_name)as Empleado,job_id,salary
    from employee
    where salary > 12000 and job_id  like "%MAN" or job_id like "%MGR" 
    order by last_name  asc ;
     #2:
    select CONCAT(first_name,' ', last_name) as Empleado,
    salary,
    COALESCE(round(commission_pct * 100,0), 'NO TIENE') as "%Comision",
    case 
    when commission_pct is not null then ROUND(salary * commission_pct, 0)
    else 'NO TIENE'
    end as 'Comision',
    ROUND(salary + COALESCE(salary * commission_pct, 'NO TIENE'), 2) as  Salario_Total
	from employee
	where salary > 10000
	order by Salario_Total asc;
	 #3: 
SELECT 
    employee_id AS "Código de Empleado",
    DATE_FORMAT(hire_date, '%d%b-%y') AS "Fecha de Contratación",
    IF(DATE_ADD(hire_date, INTERVAL 2 YEAR) <= '2015-02-01', 
       IF(DATE_ADD(hire_date, INTERVAL 3 YEAR) <= '2015-02-01' 
      AND DATE_ADD(hire_date, INTERVAL 3 YEAR ) <= '2015-05-01', 'BONUS', 'NO'), 
      'NO') AS "BONUS"
FROM 
    employee
WHERE 
    hire_date < '2015-05-01' 
    AND salary > 12000;
     #4:
  SELECT 
  employee_id,
  last_name,
  salary,
  CONCAT(REPEAT('*', FLOOR(salary / 5000)), IF( salary > 5000 , '', '#')) AS STARS
  FROM 
  employee
  ORDER BY 
  salary desc ;
    #5:Revisar despues de hacer lo demas
  select 
  employee_id,
  upper(last_name),
  length(last_name),
  concat(
  lower(left(first_name, 4)),
  upper(substr(first_name, 5, length(first_name) - 8)),
  lower(right(first_name, 4))
  ) as nombreFormateado
  from 
  employee
  where length(first_name) between 6 and 9;
 #6:
 select SUM(If(LEFT(country_name, 1) = 'A', 1, 0)) as paises_con_A,
    SUM(IF(LEFT(country_name, 1) = 'C', 1, 0)) as paises_con_C
from country;
#7:
select YEAR(hire_date) AS year, COUNT(*) AS num_employees,
MAX(salary) AS max_salary,MIN(salary) AS min_salary
from employee
where YEAR(hire_date) BETWEEN 2012 AND 2015
GROUP by YEAR(hire_date)
HAVING MAX(salary) <= 17000 AND MIN(salary) >= 2600;
#8:
select j.job_title as oficio,
AVG(e.salary) as salario_medio,
COUNT(e.employee_id) as numero_empleados
from employee e
join job j on e.job_id = j.job_id
group by job.job_title
having salario_medio between 3000 and 5000;
#9:
 select concat(last_name,' , ',first_name)AS nombre_del_empleado,
 salary , d.department_name AS nombre_del_departamento
 from employee  e join department d  on e.department_id = d.department_id 
 where last_name like 'K%' 
 order by first_name,last_name;
#10:
select coalesce(d.department_name,'NoAsignado') as nombre_departamento,
coalesce (j.job_title,'NoAsignado') as nombre_trabajo,
count(e.employee_id) as numero_empleados
from employee e
left join job j on e.job_id = j.job_id
left join department d on e.department_id = d.department_id
group by d.department_name, j.job_title;
#11:
select COALESCE(c.country_name, 'NoAsignado') as country_name,
COUNT(e.employee_id) as numero_empleados,AVG(e.salary) as salario_medio
from employee e
left join department d on e.department_id = d.department_id
left join location l on d.location_id = l.location_id
left join country c on l.country_id = c.country_id
group by c.country_name
order by c.country_name
#12:
select CONCAT(e.last_name, ', ', e.first_name) as empleado,
j1.job_title as oficio_empleado,
CONCAT(m.last_name, ', ', m.first_name) as superior,
j2.job_title as oficio_superior
from employee e
join employee m on e.manager_id = m.employee_id
join job j1 on e.job_id = j1.job_id
join job j2 on m.job_id = j2.job_id
join department d1 on e.department_id = d1.department_id
join department d2 on m.department_id = d2.department_id
join location l1 on d1.location_id = l1.location_id
join location l2 on d2.location_id = l2.location_id
join country c1 on l1.country_id = c1.country_id
join country c2 on l2.country_id = c2.country_id
where c1.country_name != c2.country_name;
-- -------------------------------Parte 2------------------------------
#1:
select last_name as apellido,
DATE_SUB(hire_date, INTERVAL 7 DAY) as contratacion_una_semana_antes,
CONCAT(UCASE(SUBSTRING(first_name, 2, 1)), LOWER(SUBSTRING(first_name, 3))) as nombre
from employee
where employee_id LIKE '1%';
#2:
select job_id,
count(*) as total_empleados,
avg(salary) as salario_promedio,max(salary) as salario_maximo
from employee
group by job_id
having total_empleados > 2
and salario_promedio > 4000  and salario_maximo < 10000;



#3:
select e.first_name,
e.last_name, d.department_name, l.city
from employee e
left join  department d on e.department_id = d.department_id
left join location l on d.location_id = l.location_id
left join country c on l.country_id = c.country_id
where c.country_name = 'Canada';